Date,Project,Designer,Location,Latitude,Longitude,Description,Source,url,
1867,Parc des Buttes-Chaumont,Jean Charles Aplhand,"Paris, France",48.881019,2.382768,"""The Parc des Buttes-Chaumont is a public park situated in northeastern Paris, France, in the 19th arrondissement. Occupying 24.7 hectares (61 acres), it is the fifth-largest park in Paris, after the Bois de Vincennes, Bois de Boulogne, Parc de la Villette and Tuileries Garden. Opened in 1867, late in the regime of Napoleon III, it was built according to plans by Jean-Charles Alphand, who created all the major parks demanded by the Emperor.""",https://en.wikipedia.org/wiki/Parc_des_Buttes_Chaumont,https://upload.wikimedia.org/wikipedia/commons/thumb/5/5c/TempleSybille.jpg/1280px-TempleSybille.jpg,park
1914,Parc Güell,Antoni Gaudi,"Barcelona, Spain",41.414216,2.152419,"""The Park Güell is a public park system composed of gardens and architectonic elements located on Carmel Hill, in Barcelona, Spain. In 1984, UNESCO declared the park a World Heritage Site under “Works of Antoni Gaudí.”""",https://en.wikipedia.org/wiki/Park_Güell ,https://upload.wikimedia.org/wikipedia/commons/thumb/3/33/Parc_guell_-_panoramio.jpg/1280px-Parc_guell_-_panoramio.jpg,park
1964,Sea Ranch,"L. Halprin, et al. ","Sea Ranch, CA",38.716572,-123.458773,"""Located on a ten-mile stretch of the California coast, about 100 miles north of San Francisco, this former sheep ranch was purchased in 1963 by developer Oceanic Properties. Lawrence Halprin was hired to create a master plan for a residential community. He integrated emerging environmental principals into his plan, attempting minimal intrusion into the native environment. Houses were placed within the natural framework of the coastal hills, clustered between hedgerows to provide both wind protection and ocean views. Community facilities were incorporated into the site plan, such as a recreation center and a post office. Halprin drew inspiration from his early years on a kibbutz in conceptualizing the communal clusters. Architects Moore Lyndon Turnbull Whitaker and Joseph Esherick & Associates designed many of the early residences.""",https://tclf.org/sites/default/files/microsites/halprinlegacy/sea-ranch.html,https://tclf.org/sites/default/files/microsites/halprinlegacy/images/sea-ranch/1_cropped_slide.jpg,residential community
1966,Leça Swimming Pools,Alvaro Siza,"Leça de Palmeira, Portugal",41.192884,-8.707577,"""The facility is situated on the rocky outcrops in a linear form. The structures consist of two natural pools filled with fresh sea water, designed and built between 1959 and 1973 by Portuguese architect Álvaro Siza Vieira. The saltwater pool, has an irregular, rectangular plan, constructed over the outcrops and structured along the linear wall that delimits the beach.""",https://www.archdaily.com/150272/ad-classics-leca-swimming-pools-alvaro-siza,https://images.adsttc.com/media/images/5107/fa4a/b3fc/4b27/2000/003e/slideshow/stringio.jpg?1414426413,
1967,Paley Park,Zion Breenn Richardson,"New York, NY",40.760269,-73.975128,"""Paley Park is a pocket park located at 3 E. 53rd Street between Madison and Fifth Avenue in Midtown Manhattan on the former site of the Stork Club. Measuring 4,200 square feet, the park offers a quiet urban oasis in the midst of the bustling city by the careful use of falling water, airy trees, lightweight furniture and simple spatial organization. The key to its success is a 20-foot (6.1m) high waterfall spanning the entire back of the park. The waterfall creates a backdrop of grey noise to mask the sounds of the city.""",https://tclf.org/landscapes/paley-park,https://tclf.org/sites/default/files/thumbnails/image/3926023319_933d5ae4fd_o.jpg,park
1970,Ira Keller Fountain Park,Lawrence Halprin,"Portland, OR, USA",45.512669,-122.678997,"""Keller Fountain Park is a city park in downtown Portland, Oregon. The central feature of the park is the concrete water fountain. The park, which is known for its accessibility for allowing visitors to stand at the top of the waterfall, is designed according to construction code to prevent children or adults from falling down the waterfall; the top of the falls are actually 36 inches (910mm) pockets of water, acting as a safety wall.""",https://en.wikipedia.org/wiki/Keller_Fountain_Park,https://upload.wikimedia.org/wikipedia/commons/thumb/6/62/KellerFountainSummer2010.JPG/1280px-KellerFountainSummer2010.JPG,
1978,Brion Cemetery Addition,Carlo Scarpa,"San Vito d'Altivole, Italy",45.751393,11.913846,"""Carlo Scarpa (1906-1978) began designing the addition to an existing municipal cemetery in 1968. Several discrete elements comprise the Brion family burial site: a sloped concrete enclosing wall, two distinct entrances, a small chapel, two covered burial areas (the arcosolium for Giuseppe and Onorina Brion, and one for other family members), a dense grove of cypresses, a prato (lawn), and a private meditation/viewing pavilion, separated from the main prato by a separate and locked entrance, and a heavily vegetated reflecting pool.""",https://archeyes.com/brion-cemetery-sanctuary-carlo-scarpa/,https://i0.wp.com/archeyes.com/wp-content/uploads/2021/03/Brion-Cemetery-Sanctuary-Carlo-Scarpa-ArchEyes-trevor-patt-landscape.jpg?resize=850%2C567&ssl=1,cemetery
1983,"Mineral Roof Garden, Banco Safra Headquarters",Roberto Burle Marx,"São Paulo, Brazil",-23.557801,-46.65947,"Muralist, painter, ecologist and naturalist Roberto Burle Marx (1909-1994) has been referred to as the spontaneous explosion who launched modernist landscape architecture in Brazil. Like his design for Rio’s Copacabana, this 1980s rooftop winter garden for the Safra bank headquaters in Sao Paulo composes an abstract mural when seen from above. ",,https://images.adsttc.com/media/images/56df/0f08/e58e/ced2/d400/0267/slideshow/open-uri20160308-4542-q5r6oi.jpg?1457458948,Corporate Roof Garden
1988,Guadalupe River Park,Hargreaves Associates,"San Jose, CA, USA",37.343624,-121.90339,"The Guadalupe River Park’s design and programming transitions from one end where urban hardscape plazas and terraced riverbanks respond to the adjacent downtown environment, to the downriver area where a braided landscape of earthworks and riparian plantings creates passive areas for strolling, resting, and play adjacent to residential areas of the city.",http://www.hargreaves.com/early-work/guadalupe-river-park/,http://www.hargreaves.com/wp-content/uploads/2019/11/Hargreaves-Guadalupe-River-Park-01.jpg,
1994,Igualada Cemetery,Enric Miralles + Carme Pinos,"Igualada, Spain",41.592369,1.637304,"Igualada Cemetery or New Cemetery is a cemetery in Igualada, near Barcelona, Catalonia, Spain, designed by the architects Enric Miralles and Carme Pinós after winning an architectural competition in 1984. Constructed between 1985 and 1994 as a replacement for the Old Cemetery (Catalan: “Cementiri Vell”), the cemetery became widely regarded as one of the most poetic works of twentieth century Catalan architecture. Enric Miralles, who died in the year 2000 is buried in one of the tombs.",https://en.wikipedia.org/wiki/Igualada_Cemetery,https://images.adsttc.com/media/images/5037/f88d/28ba/0d59/9b00/070f/slideshow/stringio.jpg?1414206507,cemetery
2001-ongoing,Be-er Sheva Quarry Park,"Lola, SCAPE, Topotek",Israel,31.260456,34.7894,"""Geology is acting as a catalyst for transformation in Be’er Sheva, Israel. SCAPE collaborated with landscape architects Topotek 1 and LOLA on the design of the Be’er Sheva Quarry Park, which remakes an abandoned limestone quarry into a public site through a dynamic and participatory process of carving, extraction, and revegetation. Central to the design is a connective civic promenade that transverses the park space, interpreting geological strata and offering views of the public landscape under construction. The deep cuts and elevated promenade intentionally intensify shadows, expanding the use of the park throughout the afternoon hours. Water collects at the bottom of the garden cuts, encouraging the growth of vegetation and creating shady escapes from the harsh desert climate. As time advances, garden rooms are incrementally revealed to the public, creating a site experience that grows over time, shaped by the process of material flow and extraction. Through the relationship of found and constructed, residual and new, the Be’er Sheva Quarry Park provides an experience that is constantly evolving.""",https://www.scapestudio.com/projects/beer-sheva-quarry-park/,https://lola.land/wp-content/uploads/2019/11/LOLA-BSQ-beer-sheva-quarry-landscape-design-render-bird-eye-view-scaled-960x720.jpg,public park and quarry
2001-ongoing,Freshkills Park,Field Operations,"Staten Island New York, USA",40.577489,-74.185869,"At nearly three times the size of New York City’s Central Park and only a stone’s throw away, Freshkills Park comprises over 1,000 acres of closed landfill and 450 acres of important wetland framed by spectacular views of downtown Manhattan. This award-winning Master Plan vision, for this 2,200 acre park designed by Field Operations, will guide the transformation from landfill to parklands over the next 30 years. The park is owned and operated by the NYC Department of Parks & Recreation.",https://www.nycgovparks.org/park-features/freshkills-park,https://www.nycgovparks.org/pagefiles/81/freshkills-park-header.jpg,park/restoration
2002,MFO-Park,Burckhardt + Partner with Raderschallpartner,"Zurich, Switzerland",47.412204,8.540234,"The MFO-Park is a public park in the Oerlikon quarter of the Swiss city of Zürich. The area to the north of Zürich Oerlikon railway station was once home to the extensive works of Maschinenfabrik Oerlikon (MFO), as site that has now been redeveloped as Neu Oerlikon. As part of that redevelopment, four new parks were created, including the MFO-Park, which was created on the footprint of one of MFO’s buildings.",https://en.wikipedia.org/wiki/MFO-Park,https://upload.wikimedia.org/wikipedia/commons/thumb/5/5d/MFO-Park_Oerlikon_2010-10-03_14-24-08.JPG/1920px-MFO-Park_Oerlikon_2010-10-03_14-24-08.JPG,
2002,Plaza del Desierto,NO.MAD + Teresa Gali,"Barakaldo, Spain",43.301064,-2.983374,"Seven hills in the plaza landscape with raised steel structures as places for contemplation and punctuation in the night, crystalline luminosity, the memory of those who knew other flames silhouetted in the darkness two years later a work that builds itself, with predetermined codes of materials and mixings that constructors understands and execute a numeric topography where vertex are more important than lines an imported vegetation, adapting to the scheme on a series of densities and heights.",https://www.archdaily.com/449623/desert-plaza-in-barakaldo-no-mad,https://images.adsttc.com/media/images/5289/7ce9/e8e4/4ea3/db00/00cf/slideshow/PORTADA.jpg?1384742102,
2005,Berlin Holocaust Memorial,Peter Eisenman,"Berlin, Germany",52.513997,13.378872,"The Memorial to the Murdered Jews of Europe is a memorial in Berlin to the Jewish victims of the Holocaust, designed by architect Peter Eisenman and engineer Buro Happold. It consists of a 19,000 m2 site covered with 2,711 concrete slabs arranged in a grid pattern on a sloping field. The slabs are 2.38 m long, 0.95 m wide and vary in height from 0.2 to 4.7 m. An attached underground “Place of Information” holds the names of approximately 3 million Jewish Holocaust victims, obtained from the Israeli museum Yad Vashem.",https://en.wikipedia.org/wiki/Memorial_to_the_Murdered_Jews_of_Europe,https://upload.wikimedia.org/wikipedia/commons/thumb/2/29/MemorialJews_of_Europe0403.JPG/1920px-MemorialJews_of_Europe0403.JPG,memorial
2006,Termas Geometricas,German del Sol,"Antofagasta, Chile",-39.500874,-71.874073,"17 slate covered pools of natural hot springs waters that flow in plenty along a mountain stream, in the midst of the native forest of the Villarrica National Park in Chile’s southern Lake Country, 450 miles south of Santiago. Visitors may confidently stroll along a wooden footbridge and disperse to find a hidden pool to take a bath alone, or in good company with plenty of space to share or contemplate the wild natural surroundings.",https://www.archdaily.com/579931/termas-geometricas-hot-springs-complex-german-del-sol,https://images.adsttc.com/media/images/571b/eec9/e58e/ce28/2300/0052/slideshow/TG20.jpg?1461448384,
2006- ongoing,Hathigaon,Rahul Mehrotra,"Jaipur, India",26.995148,75.884721,"""Hathigaon"" means 'elephant village' in Hindi, and this project is just that - a housing estate for elephants and their caretakers. Located on the site of an disused sand mine, the project focuses on creating space and relationships through landscape. Focus is placed on the design of water features, which not only harvest rain - much needed in the desert climate - but are central to the bonding of caretaker and elephant during bathing rituals. ",http://rmaarchitects.com/architecture/hathigaon/,http://rmaarchitects.com/website/wp-content/uploads/2012/08/Hathigaon-project-image-08.jpg,housing
2010,Lions Park Playscape,Rural Studio,"Greensboro, Alabama",32.690344,-87.588853,"Built as a maze of 55-gallon galvanized drums, once used to store mint oil, the Lion's Park Playscape is a space of play that breaks with conventional playground designs. Through the use of sound tubes, an undulating ground, and sensory rooms, the playscape seeks to provide a mentally stimulating experience for children. ",http://ruralstudio.org/project/lions-park-playscape/,https://www.world-architects.com/images/Projects/57/38/31/1d27bd7181ab4dab830ee417309d47fb/1d27bd7181ab4dab830ee417309d47fb.8945f03a.jpg,
2010,Houtan Park,Turenscape,"Shanghai, China",31.183226,121.47221,"Built on a brownfield of a former industrial site, Houtan Park is a regenerative living landscape on Shanghai’s Huangpu riverfront. The park’s constructed wetland, ecological flood control, reclaimed industrial structures and materials, and urban agriculture are integral components of an overall restorative design strategy to treat polluted river water and recover the degraded waterfront in an aesthetically pleasing way.",https://www.archdaily.com/131747/shanghai-houtan-park-turenscape,https://images.adsttc.com/media/images/5014/2bb8/28ba/0d3b/4500/1583/slideshow/stringio.jpg?1414467021,park (waterfront)
2010,Qunli Park,Turenscape,"Haerbin, Heilongjiang, China",45.726644,126.546209,"The site is surrounded on four sides by roads and dense development. As such, water sources into this former wetland were being cut, and the wetland was under the threat. Qunli Park transforms the wetland into a multi-functional stormwater park that will collect, filtrate, store stormwater and infiltrate to the aquifer, whilst being productive and life supporting, providing new recreational and aesthetic experiences for the city.",https://www.archdaily.com/446025/qunli-stormwater-wetland-park-turenscape,https://images.adsttc.com/media/images/5279/9f5c/e8e4/4e86/5400/009a/large_jpg/Portada.jpg?1383702347,park
2010,Sugar Beach Park,Claude Cormier Associates,"Toronto, ON",43.642967,-79.367125,"park in Toronto, Ontario, Canada, that opened in 2010. It is located across from Redpath Sugar Refinery in Toronto’s eastern East Bayfront. Like HTO Park to the west, the beach is not meant to allow wading or swimming in Lake Ontario, but rather functions as a waterfront public space for relaxation, leisure, and social activities.",https://en.wikipedia.org/wiki/Sugar_Beach,https://upload.wikimedia.org/wikipedia/commons/thumb/f/fc/SugarBeach6.jpg/1280px-SugarBeach6.jpg,park (waterfront)
2010,Tempelhofer Feld,--,"Berlin, Germany",52.475455,13.402057,"Tempelhofer Feld is closely linked to German military and aviation history, as well as German soccer history. Today it is a developed area, with the exception of the Tempelhofer Feld park on the site of the former Tempelhof Airport. Shortly after the closure of the airport, the space was opened as the so-called Tempelhofer Park, a recreational area in Berlin districts Neukölln and Tempelhof. It covers 355 hectares of the site of the former Tempelhof Airport.",https://en.wikipedia.org/wiki/Tempelhofer_Feld https://gruen-berlin.de/en/projects/parks/tempelhofer-feld/about-the-park ,https://gruen-berlin.de/fileadmin/_processed_/b/e/csm_gb_startseite_parkslider_tempelhoferfeld_c_konstantinboerner_e9c2f98fdc.jpg,park
2011,Urban Outfitter Headquarters,DIRT Studio,"Philadelphia, PA, USA",39.88859,-75.177711,"For over one hundred and fifty years, League Island developed as one of the nation’s first Navy Yards, where hundreds of men and women toiled to build entire fleets of huge ships. Remaining true to the industrious scale of adjacent active ship building operations and to the patina of past production, the Historic Core of the Yard has been refashioned for the retail enterprise, Urban Outfitters (URBN). Rebranded demolition debris is lovingly converted into patterns of porous pavement. Tapestries of hedgerows and drifts of wild + wooly grasses and wildflowers emulate URBN’s sensibility for the next evolution of this productive landscape.",www.dirtstudio.com/#urbnhq  http://landezine.com/index.php/2014/10/urban-outfitters-headquarters-at-the-philadelphia-navy-yard-by-d-i-r-t-studio/?__cf_chl_jschl_tk__=1e9ec9a1458d3571f7bf04835a37266f73df2eb6-1625253631-0-AaOO7KKzo7rRS59DyoVmaTgp5VnE4WGpO3NDB9vbluNgc9zMzjhXQyx6Urxt4c1pUEJY7iKnyZSSZD8kJSDkkXYzGa7S0mHvcHn4t4hwhkjDcPhZDy26Y-qia-AZe5YpaikUkUYrNXIImSAZuSSMv0rFnp5jVxa0QhvycgnuYYPLelH5PovM8MKsJnShX0IWvPk2s1NeMzBtEshLUvd8rrgpqx-PtFNXILeeEaKNsogQ724NtAFb8tO7UJ-kG31FMX9D1jzaqcgNzk82pSrpFkIXJ1TsoVqnVxuWnFVcn-t_Qr5ZqCzPy_vir5dqVWQ_wDHJqqVz5fZnAuKj-nDBMwSUNei3vVvFFVM4KBWBh2ez_ZP5Dhut4RT125-nef8UHQOMYuBoTg7CJvi0kfmPuxxGelw22TZq2oGD_nYJCENS2H3l__buxAcLu_kxS16dGEw8eC4NazjaEEDOnTunnI4LLjDp3glxrHrDHouQTq01CamGUAEBg5EN_h1LDVmHbfnqqBZaEDO_ViC66Uz21xI ,http://landezine.com/wp-content/uploads/2014/10/Urban_Outfitters_HQ-Navy_Yard-D.I.R.T.-Studio-03-630x413.jpg,corporate campus
2012,Shadow Catcher,Hood Design Studio,"Charlottesville, VA",38.031733,-78.504316,"""The homestead and cemetery remains of an African American family are marked a series of interventions within the University of Virginia’s south lawn expansion. A steel grid roof composed of layered mesh encompasses the archeological site, projecting its shadow, the outline of the Foster House, onto the ground. Narrow slots of landscape are removed to reveal the stone pathway system and porch areas. The two areas exhibit the stone craft and idiosyncrasies of the dooryard plan. Curved paths meandering through the oak wood, connect archeological moments but do not, intentionally, connect to the new University path system. Walls and ground depressions mark the home burial site. Local geology and crafted walls encompass a subdivided field geometry that quantifies and spatially demarcate time.""",http://www.hooddesignstudio.com/shadowcatcher,https://images.squarespace-cdn.com/content/v1/57e2e36c893fc0b0fd1bc325/1486498813076-Y7STQTJH0KB1VPH49KLX/shadowcatcher+%283%29.JPG?format=1500w,art/memorial
2015,River Aire,Georges Descombes,"Geneva, Switzerland",46.167822,6.084346,"""Near Geneva, the Aire River flows through valleys historically devoted to farming. From the late 19th century, the river was progressively canalized. In 2001, the State of Geneva opened a competition with the idea of restoring the river to its original shape and meanders by destroying the canal. In our winning entry we instead proposed combining the clear territorial cut of the canal with a parallel new vast divagation space for the river. In the process, the canal became the pointer for the transformations, a reference line providing the possibility of understanding a before and an after, a becoming which superimposes both situations and accepts that something began which was already there.""",https://urbannext.net/renaturation-river-air/,https://urbannext.net/wp-content/uploads/2016/10/03_Fabio-Chironi_river_general-view.jpg,
2016,Midtown Center Plaza,SCAPE,"Washington DC, USA",38.904131,-77.034778,"The Midtown Center Plaza activates the urban fabric of downtown Washington, D.C., introducing a 15,000 square foot public plaza and cross-block connection into the dense and built up environment of center city. When seen from the roof terrace, the plaza and paths reflect the radiating urban geometry of Washington D.C. in miniature. ",,,
2016,National Museum of African American History and Culture,"Freelon Adjaye Bond/SmithGroup, GGN","Washington D.C., USA",38.891111,-77.032604,"""Situated on the Washington Monument grounds the museum maintains a subtle profile in the landscape – more than half is below ground – with five storeys above. The corona is based on elements of the Washington Monument, closely matching the 17-degree angle of the capstone and the panel size and pattern has been developed using the Monument stones as a reference. The entire building is wrapped in an ornamental bronze lattice that is a historical reference to African American craftsmanship. The density of the pattern can be modulated to control the amount of sunlight and transparency into the interior. The south entry is composed of the Porch and a central water feature. An extension of the building out into the landscape, the porch creates an outdoor room that bridges the gap between the interior and exterior.""",https://www.architecturalrecord.com/articles/11964-national-museum-of-african-american-history-and-culture,https://www.smithgroup.com/sites/default/files/styles/slideshow_wide_1x/public/2018-07/National-Museum-of-African-American-History-15.jpg?h=33c22240&itok=xI3Fbg-a,museum
2018,Fresnillo Playground,Rozana Montiel,"Fresnillo, Zacatecas, Mexico",23.176211,-102.861316,"""We recycled a paved sewage canal and transformed it into a playground in Fresnillo, Zacatecas, Housing Unit. The new transitional space offers a safe recreational area and welcomes the public to a new habitat of local vegetation. The bridge, floor and slopes we designed are equipped for a multi-functional program. We made universally accessible bridges that opened an esplanade underneath; and rebuilt the canal slopes to make them work as a resting area, agora steps and a playground program of climbing walls. The new space improves the life quality of the overall housing complex and offers opportunity to groups in situations of risk. Recycling the extant infrastructure transformed an urban scar into an attractive horizon: the cityscape became the program.""",http://rozanamontiel.com/en/proyectos/fresnillo-playground/,http://rozanamontiel.com/wp/wp-content/uploads/2016/11/01-22.jpg,park
2018,The National Memorial for Peace and Justice ,MASS ,"Montgomery, AL",32.372201,-86.31274,"""The National Memorial to Peace and Justice is sited on six acres of land in Montgomery, Alabama and is the first national memorial to victims of lynching in the US. In a city where markers commemorating the Confederate South still abound and markers to the Civil Rights Movement and slavery are few, the memorial provides the necessary space for truth-telling, hope, healing, and reconciliation.

The structure suspends eight hundred Corten steel monuments to represent the counties in the United States where racial terror lynchings took place, each engraved with the names of its victims.

Duplicates of each of the monuments lie in the memory bank outside of the primary structure. The corresponding counties are invited to engage in this process of acknowledgment and reconciliation by claiming their monument and placing it as a marker in their own community.""",https://massdesigngroup.org/work/design/national-memorial-peace-and-justice,https://massdesigngroup.org/sites/default/files/styles/hero/public/2018-08/Memory_11_1.jpg?itok=jHrGP5Jq,memorial
2020,Memorial to Enslaved Labor at UVA ,Howler Yoon ,"Charlottesville, VA",38.035051,-78.501324,"""Nestled into the sloping landscape of the “Triangle of Grass”, which sits within the UNESCO World Heritage Site boundary of the University of Virginia’s (UVA) grounds, the Memorial to Enslaved Laborers seeks to formally acknowledge the work and the individual lives of the enslaved African Americans who built and sustained the every-day life of the University. Founded and designed by Thomas Jefferson, UVA is considered by many to be the quintessential university campus. Yet like many of its peer institutions, the University depended on the labor and work of enslaved African American men, women and children. Constructed of local granite, “Virginia Mist,” the Memorial will create a space to gather, reflect, acknowledge, and honor the enslaved laborers who contributed to the University. Scholars estimate that at least 5,000 enslaved African Americans worked on the grounds, with many in residence, starting with the construction of the Lawn in 1817 and lasting through the end of the Civil War in 1865.""",http://www.howeleryoon.com/work/36/memorial-to-enslaved-laborers-at-uva,http://www.howeleryoon.com/images/IMG_0303_HYA_crop_2.jpg?w=1024,memorial
1975,Gas Works Park ,Richard Haag,"Seattle, WA",47.64563,-122.334351,"On the shores of Lake Union opposite downtown Seattle, Gas Works Park was built on the location of a former coal gasification plant. The 19-acre site was acquired by the City for parkland in 1965. Opened to the public ten years later, the park, with its Great Earth Mound summit (constructed from on-site excavated material), was designed for passive uses such as strolling or flying a kite, and community gatherings at various scales. This groundbreaking project has been celebrated for its ability to garner public support and shift public perceptions of post-industrial landscapes. It is considered revolutionary for its reclamation of polluted soils using the natural processes of bioremediation.",https://www.historylink.org/File/20978,https://www.historylink.org/Content/Media/Photos/Large/Concourse-and-towers-from-Kite-Hill-Gas-Works-Park-Seattle-January-1-2020.jpg,
2004,Lurie Garden [Millineum Park],"Piet Oudolf, GGN","Chicago, IL",41.882599,-87.620514,"The Lurie Garden is a 3-acre botanical garden located in downtown Chicago’s Millennium Park, part of historic Grant Park. The entire garden is constructed over the roof deck of the Lakefront Millennium Parking Garage. Built upon marshland, Chicago has risen ambitiously skyward. Likewise, the site of the Lurie Garden has been built up from marshy shoreline, to rail yard, to parking garage, to roof garden. This history is revealed in the design, which references the contrasts in Chicago’s historic landscapes with two contrasting Plates. The Dark Plate is shady, thick, and moist. The Light Plate is a sunny, dry prairie.",https://www.ggnltd.com/the-lurie-garden-at-millennium-park   https://www.luriegarden.org/2020/01/30/mapping-the-naturalistic-garden/  ,https://images.squarespace-cdn.com/content/v1/55ee1cffe4b01232c29effbe/1459296922648-PBZILVK9XG7HQ4ODANCN/03+GGN-Lurie-credit-Lynda-Oyama-Bryan.jpg?format=1500w,Garden
1953-1957,Miller Garden [for midwest rep] ,Dan Kiley,"Columbus, IN",39.983334,-​82.983330,"Considered to be his residential masterpiece and an iconic Modernist garden. The house interior is arranged around a cruciform grid of steel columns. Kiley’s plan for the garden, divided into multiple outdoor rooms, responds to the orthogonal, geometric order of the house without being constrained by a strictly symmetrical layout. The landscape’s most prominent feature is an allée of honey locusts that define an axis along the west side of the house and extend almost to the limits of the property.",https://tclf.org/sites/default/files/microsites/kiley-legacy/MillerGarden.html#!prettyPhoto,https://tclf.org/sites/default/files/microsites/kiley-legacy/assets/Miller/Miller_slide1_crop.jpg,Garden
1976,Freeway Park,"Angela Danadjieva, Lawrence Halprin","Seattle, WA",47.609306,-122.330902,"The first park built over a highway, Freeway Park sits perched above Interstate 5 in downtown Seattle, where it uses the air rights of the interstate. The park is defined by a series of irregular, linked plazas that are intertwined and enclosed by board-formed concrete planting containers and walls. Here, Halprin’s office abstracted the topographic undulations of the city’s landscape. The separate areas of the park, known as the Central Plaza, East Plaza, and West Plaza, achieve consistency and cohesion through a shared materials palette of concrete, broadleaf evergreen plantings, and site furnishings. The spaces are differentiated through the dynamism of the water features that occupy the spaces and the attendant differentiation of moods.",https://tclf.org/sites/default/files/microsites/halprinlegacy/freeway-park.html,https://tclf.org/sites/default/files/microsites/halprinlegacy/images/freeway-park/5_cropped_slide.jpg,Park
1982,Vietnam Veterans Memorial,Maya Lin,Washington DC,38.889248,-77.050636,"Nearby the Washington Monument and the Lincoln Memorial, the Vietnam Veterans Memorial is a 500-foot V-shaped slab of black granite dedicated to the memory of American soldiers and generals who died while serving in Vietnam. The gleaming black marble walls are arranged in order of the date of each individual's death.Engraved with the names of more than 57,000 U.S. troops killed in the Vietnam War between 1959 and 1975.Design is as if the earth has been cut with a knife, leaving this wound that will not heal.The black granite walls, like two mirrors, intersected at their deepest central axis, about 3 meters, gradually rising towards each end until the ground disappears.",https://www.mayalinstudio.com/memory-works/vietnam-veterans-memorial,https://images.squarespace-cdn.com/content/v1/605f62c8df5a58288f18e53d/1617908776057-5NU9FFFY5UAAQRLVUPO9/VVM_Credit-National+Parks+Service.jpg?format=1000w,Memorial park
2000,1oo Step Garden,Tadao Ando,"Awaji, Japan",34.383331,134.83333,"Built on a panoramic hillside as a prayer garden and a tribute to the victims of the Great Hanshin Earthquake, the Hyakudan-En (literally “one-hundred steps” in Japanese) garden, consists of 100 small square gardens, each 5mx5m, installed on terraces and bordered by sets of steps on all sides, with 14 steps (2-meter high in total) on the south and north sides and 7 steps (1-meter high) on the east and west sides. This scheme creates a large sloped garden in which a rigorous geometric pattern and the diversity of colors and fragrances from a diverse set of shrubs and flowering plants, mostly chrysanthemums and other plants of the Asteraceae family, combine.",https://www.inexhibit.com/case-studies/tadao-ando-the-hundred-step-garden-at-awaji-yumebutai/,https://www.inexhibit.com/wp-content/uploads/2020/12/Tadao-Ando-Hundred-Step-Garden-Awaji-Yumebutai-09.jpg,
2013,Memorial to the Victims of Violence ,Gaeta-Springall Arquitectos,"Mexico City, Mexico",19.432608,-99.133209,"A memorial is the architectural piece in which we can find the remembrance and the memory of the culture and history; in the particular case of the Memorial of the Victims of the Violence in Mexico, we materialize, in terms of architecture, one of the most important and current issues of Mexican society: violence. This is the big and open wound; in response to this, we propose an open project in the site, open to the city and open to the apropiation by the citizens; a project with a strong relationship with the city and her actors. The recuperation of the public space as well as the remembrance of the victims of violence are the essence of the project.",https://www.archdaily.com/359698/memorial-to-victims-of-violence-gaeta-springall-arquitectos,https://images.adsttc.com/media/images/5168/9a52/b3fc/4bdb/4e00/0042/slideshow/5n.jpg?1365809739,Memorial park
2019,Parque Caracoli,Diana Wiesner,"Bogota, Colombia",6.4092,-74.75715,"Caracoli Park covers an area of approximately 1,900. m2. The new park successfully changed the industry, promoting interaction between neighbors and generating ownership; it attracts not only visitors of all ages from the area, but also visitors from other communities who come here to enjoy the gorgeous games. What was once a drug and garbage dump is now a colorful park for recreational and cultural events.",https://www.paisajeo.org/post/2019/08/31/parque-caracol%C3%AD-ciudad-bol%C3%ADvar-i-peque%C3%B1as-acciones-que-transforman-nuestro-entorno,"https://static.wixstatic.com/media/0f7791_43a4229a74524d1d8e578f0299489754~mv2.jpg/v1/fill/w_730,h_355,al_c,q_90/0f7791_43a4229a74524d1d8e578f0299489754~mv2.webp",Public space
2012,Botanical Garden,Tatiana Bilbao,"Culiacan, Mexico",43.292782,-3.00112,"The Culiacan Botanical Garden was created by the engineer Carlos Murillo over 30 years ago. Botanically, the aim of the project is to maintain its global collection and enrich it with species of high biological and ethnobotanical value. The garden seeks to become an institution of reference in terms of conservation and research of flora from northwest Mexico, especially flora with a certain conservation status and high ethnobotanical value.",https://www.archdaily.com/410393/botanical-garden-tatiana-bilbao-s-c,http://architectuul-production.com.s3-eu-central-1.amazonaws.com/6b/f8cb20bcb247a6afc83503bc85f474/521f7447-7ddc-40ea-b48a-75506d7b5f76_original.jpg,Garden
2020,Hardberger Park Land Bridge ,"DIRT Studio, Stimson, Rialto, etc","San Antonio, TX",29.551642,-98.532121,"Previously operated as a dairy farm, the Park dedicates 75% of the site to preservation and restoration of the native landscape and 25% to low-impact recreation. The concept of the Park as a ‘cultivated wild’ interprets and integrates the rich cultural history of San Antonio with the diverse and resilient ecologies that are native to the region. Upon completion, the Hardberger Park Land Bridge will reconnect pedestrians and wildlife that are currently separated into two park parcels, split by the Wurzbach Parkway in San Antonio, TX. At 150’ wide, the bridge spans the six lane highway and will serve both people and wildlife moving through the Park.",https://www.stimsonstudio.com/hardberger-park-land-bridge,https://www.google.com/url?sa=i&url=https%3A%2F%2Furbanmatter.com%2Faustin%2Fsan-antonio-skywalk-officially-opens-at-largest-land-bridge-in-america%2F&psig=AOvVaw33J9KWrKtQyrzjsvm-ww1T&ust=1625325982446000&source=images&cd=vfe&ved=0CAoQjRxqFwoTCOCMmKLZxPECFQAAAAAdAAAAABAS,Park
1930,Morven Farms,Annette Hoyt Flanders,"Charlottesville, VA",38.069128,-78.700253,"Morven and its setting are considered an epitome of a Piedmont Virginia estate. Within the bounds of farm, fields, and the forested slope of Carter’s Mountain, the focal point of the estate is the Main House and its gardens.In the formal garden, entry gates, and other prominent features, Morven’s landscape is significant for the integrity of its 1930s design by prominent landscape architect Annette Hoyt Flanders. Research projects are exploring the influence of earlier designers and owners as well, as the property transitioned from plantation agriculture dependent on enslaved workers into a country estate by the end of the 19th century.",https://morven.virginia.edu/formal-gardens,https://images.squarespace-cdn.com/content/v1/5dea8cc23fcd0710c270bd2f/1595954765220-VSPGLPNWS94FCRX41N7E/Ariel-formal-grd-610x458.jpg?format=500w,Garden
2003,Creativity - Eco Community ,Anupama Kundoo Architects ,"Auroville, Tamil Nedu, India",12.0052821,79.8128649,"As a prototype for collective living to promote community and sharing, the project was planned as one of five housing clusters for around 360 deliberately diverse residents. Realized as an example of an independently managed cluster accommodating 50-60 persons, residents shared common facilities at the cluster-level with some facilities planned for the larger community. A variety of social and economic backgrounds were integrated into a common project to make it a relevant prototype for sustainable community housing in a low-density urban context.",https://urbannext.net/anupamakundoo/urban-eco-community/,https://urbannext.net/anupamakundoo/wp-content/uploads/sites/97/2016/10/1461S-166Javier-Callejas.jpg,Housing